[
{"text": "\uae30\ucd08\ubd80\ud130 \uc2dc\uc791\ud558\ub294 \uac15\ud654\ud559\uc2b5/\uc2e0\uacbd\ub9dd \uc54c\uace0\ub9ac\uc998", "url": "https://wikibook.co.kr/rlnn/"},
{"text": "\uc2dc\uc791\ud558\uc138\uc694! C# 8.0 \ud504\ub85c\uadf8\ub798\ubc0d", "url": "https://wikibook.co.kr/csharp80/"},
{"text": "\uc2e4\uc804! GAN \ud504\ub85c\uc81d\ud2b8", "url": "https://wikibook.co.kr/practical-gan/"},
{"text": "\ud30c\uc774\uc36c\uc73c\ub85c \ub2e4\uc2dc \ubc30\uc6b0\ub294 \ud575\uc2ec \uace0\ub4f1 \uc218\ud559", "url": "https://wikibook.co.kr/python-math/"},
{"text": "\ud30c\uc774\uc36c\uc744 \ud65c\uc6a9\ud55c \ub525\ub7ec\ub2dd \uc804\uc774\ud559\uc2b5", "url": "https://wikibook.co.kr/transfer-learning/"},
{"text": "\uc6f9 \uc560\ud50c\ub9ac\ucf00\uc774\uc158 \ubcf4\uc548 \uc644\ubcbd \uac00\uc774\ub4dc", "url": "https://wikibook.co.kr/was/"},
{"text": "\uac1c\ubc1c\uc790\uc758 \uae00\uc4f0\uae30", "url": "https://wikibook.co.kr/on-writing/"},
{"text": "\uc5d4\uc9c0\ub2c8\uc5b4\ub97c \uc704\ud55c \uc120\ud615\ub300\uc218", "url": "https://wikibook.co.kr/linear-algebra/"},
{"text": "\ucf00\ub77c\uc2a4\ub85c \uad6c\ud604\ud558\ub294 \uace0\uae09 \ub525\ub7ec\ub2dd \uc54c\uace0\ub9ac\uc998", "url": "https://wikibook.co.kr/keras/"},
{"text": "\ucf54\uc5b4 \uc790\ubc14\uc2a4\ud06c\ub9bd\ud2b8", "url": "https://wikibook.co.kr/corejs/"},
{"text": "\uadf8\ub9bc\uc73c\ub85c \uc774\ud574\ud558\ub294 \uc2a4\ub9c8\ud2b8\ud329\ud1a0\ub9ac", "url": "https://wikibook.co.kr/smartfactory/"},
{"text": "C#\uacfc \ud30c\uc774\uc36c\uc744 \ud65c\uc6a9\ud55c OpenCV 4 \ud504\ub85c\uadf8\ub798\ubc0d", "url": "https://wikibook.co.kr/opencv4/"},
{"text": "\uc2e4\uc804 \uc608\uc81c\ub85c \ubc30\uc6b0\ub294 GAN", "url": "https://wikibook.co.kr/gan/"},
{"text": "\ud30c\uc774\uc36c\uc744 \ud65c\uc6a9\ud55c \ud06c\ub864\ub7ec \uac1c\ubc1c\uacfc \uc2a4\ud06c\ub808\uc774\ud551 \uc785\ubb38", "url": "https://wikibook.co.kr/python-crawler/"},
{"text": "\uc808\ub300\uac15\uc88c! \uc720\ub2c8\ud2f0 VR/AR", "url": "https://wikibook.co.kr/vrar/"},
{"text": "\ucef4\ud4e8\ud130\uacfc\ud559\uc73c\ub85c \ubc30\uc6b0\ub294 \ube14\ub85d\uccb4\uc778 \uc6d0\ub9ac\uc640 \uad6c\ud604", "url": "https://wikibook.co.kr/blockchain-cs/"},
{"text": "\ub9c8\uc774\ud06c\ub85c\uc11c\ube44\uc2a4 \uc778 \uc561\uc158", "url": "https://wikibook.co.kr/microservices-in-action/"},
{"text": "\uc2e4\uc804! \ud558\uc774\ud37c\ub808\uc800 \ud328\ube0c\ub9ad", "url": "https://wikibook.co.kr/practical-hlf/"},
{"text": "\uc2e4\uc804! \uc2a4\ud504\ub9c1 5\ub97c \ud65c\uc6a9\ud55c \ub9ac\uc561\ud2f0\ube0c \ud504\ub85c\uadf8\ub798\ubc0d", "url": "https://wikibook.co.kr/spring5-reactive/"},
{"text": "\uc804\ubb38\uac00\ub97c \uc704\ud55c \uba38\uc2e0\ub7ec\ub2dd \uc194\ub8e8\uc158", "url": "https://wikibook.co.kr/ml-solutions/"},
{"text": "\uc2dc\uc791\ud558\uc138\uc694! \uc571 \uc778\ubca4\ud130 2 (\uac1c\uc815\ud310)", "url": "https://wikibook.co.kr/app-inventor-2-rev/"},
{"text": "\uc624\ube0c\uc81d\ud2b8", "url": "https://wikibook.co.kr/object/"},
{"text": "\uc2dc\uc791\ud558\uc138\uc694! Motion 5", "url": "https://wikibook.co.kr/motion5/"},
{"text": "\ud074\ub77c\uc6b0\ub4dc \ud658\uacbd\uc5d0\uc11c\uc758 \ub370\ube0c\uc635\uc2a4 \ubcf4\uc548", "url": "https://wikibook.co.kr/securing-devops/"},
{"text": "\ud30c\uc774\uc36c\uc744 \ud65c\uc6a9\ud55c \ubd80\ub3d9\uc0b0 \ub370\uc774\ud130 \ubd84\uc11d", "url": "https://wikibook.co.kr/python-real-estate/"},
{"text": "\uc2dc\uc791\ud558\uc138\uc694! C# 7.3 \ud504\ub85c\uadf8\ub798\ubc0d", "url": "https://wikibook.co.kr/csharp73/"},
{"text": "\ucd08\uc5f0\uacb0\uc0ac\ud68c\uc758 \ud0c4\uc0dd", "url": "https://wikibook.co.kr/super-connected/"},
{"text": "\ud30c\uc774\uc36c\uc73c\ub85c \ubc30\uc6b0\ub294 \ube14\ub85d\uccb4\uc778 \uad6c\uc870\uc640 \uc774\ub860", "url": "https://wikibook.co.kr/blockchain-by-python/"},
{"text": "\ud558\uc774\ud37c\ub808\uc800 \ud328\ube0c\ub9ad \ucca0\uc800 \uc785\ubb38", "url": "https://wikibook.co.kr/hyperledger-fabric/"},
{"text": "Vue.js \ucca0\uc800 \uc785\ubb38", "url": "https://wikibook.co.kr/vuejs/"},
{"text": "\uc2e4\uc804! Core ML\uc744 \ud65c\uc6a9\ud55c \uba38\uc2e0\ub7ec\ub2dd iOS \uc571 \uac1c\ubc1c", "url": "https://wikibook.co.kr/coreml/"},
{"text": "\ub370\uc774\ud130 \ubd84\uc11d\uc744 \uc704\ud55c \ud30c\uc774\uc36c \ucca0\uc800 \uc785\ubb38 (\uac1c\uc815\uc99d\ubcf4\ud310)", "url": "https://wikibook.co.kr/python-for-data-analysis-rev/"},
{"text": "\uc5d8\ub77c\uc2a4\ud2f1\uc11c\uce58 \uc2e4\ubb34 \uac00\uc774\ub4dc", "url": "https://wikibook.co.kr/practical-elasticsearch/"},
{"text": "\ud30c\uc774\uc36c\uc744 \uc774\uc6a9\ud55c \uba38\uc2e0\ub7ec\ub2dd, \ub525\ub7ec\ub2dd \uc2e4\uc804 \uc571 \uac1c\ubc1c", "url": "https://wikibook.co.kr/python-ml-app-dev/"},
{"text": "\uc720\ub2c8\ud2f0 \uac8c\uc784 \ud504\ub85c\uadf8\ub798\ubc0d \ubc14\uc774\ube14", "url": "https://wikibook.co.kr/unity-bible/"},
{"text": "\uc544\ub9c8\uc874 \ub8f0", "url": "https://wikibook.co.kr/amazon-rules/"},
{"text": "\ub3c4\ucee4/\ucfe0\ubc84\ub124\ud2f0\uc2a4\ub97c \ud65c\uc6a9\ud55c \ucee8\ud14c\uc774\ub108 \uac1c\ubc1c \uc2e4\uc804 \uc785\ubb38", "url": "https://wikibook.co.kr/docker-kubernetes/"},
{"text": "\ud30c\uc774\uc36c\uc73c\ub85c \ubc30\uc6b0\ub294 \uc54c\uace0\ub9ac\uc998 \ud2b8\ub808\uc774\ub529 (\uac1c\uc815\ud310)", "url": "https://wikibook.co.kr/algorithm-trading-rev/"},
{"text": "\uc2a4\ud504\ub9c1 \ubd80\ud2b8\ub97c \ud65c\uc6a9\ud55c \ub9c8\uc774\ud06c\ub85c\uc11c\ube44\uc2a4 \uac1c\ubc1c", "url": "https://wikibook.co.kr/springboot-microservices/"},
{"text": "\ud30c\uc774\uc36c \uba38\uc2e0\ub7ec\ub2dd \uc644\ubcbd \uac00\uc774\ub4dc", "url": "https://wikibook.co.kr/ml-definitive-guide/"},
{"text": "\uc2dc\uc791\ud558\uc138\uc694!  Final Cut Pro X 10.4 (\uac1c\uc815\uc99d\ubcf4\ud310)", "url": "https://wikibook.co.kr/fcpx-104-revised/"},
{"text": "\ud150\uc11c\ud50c\ub85c\uc640 \uba38\uc2e0\ub7ec\ub2dd\uc73c\ub85c \uc2dc\uc791\ud558\ub294 \uc790\uc5f0\uc5b4 \ucc98\ub9ac", "url": "https://wikibook.co.kr/nlp/"},
{"text": "\uc2e4\uc804! \ub525\ub7ec\ub2dd", "url": "https://wikibook.co.kr/practical-deep-learning/"},
{"text": "\ub525\ub7ec\ub2dd \ubaa8\ub378 \uc124\uacc4\ub97c \ub5a0\ubc1b\uce58\ub294 \uae30\uc220", "url": "https://wikibook.co.kr/deep-learning-reference/"},
{"text": "\uc11c\ube44\uc2a4 \uc6b4\uc601\uc774 \uc26c\uc6cc\uc9c0\ub294 AWS \uc778\ud504\ub77c \uad6c\ucd95 \uac00\uc774\ub4dc", "url": "https://wikibook.co.kr/aws-infra/"},
{"text": "\uc0dd\ud65c\ucf54\ub529! PHP+MySQL", "url": "https://wikibook.co.kr/php-mysql/"},
{"text": "\uc0dd\ud65c\ucf54\ub529! HTML+CSS+\uc790\ubc14\uc2a4\ud06c\ub9bd\ud2b8", "url": "https://wikibook.co.kr/html-css-js/"},
{"text": "\ub098\uc758 \uccab \uba38\uc2e0\ub7ec\ub2dd/\ub525\ub7ec\ub2dd", "url": "https://wikibook.co.kr/machine-learning/"},
{"text": "\ud150\uc11c\ud50c\ub85c\ub85c \uc2dc\uc791\ud558\ub294 \ub525\ub7ec\ub2dd \uc785\ubb38", "url": "https://wikibook.co.kr/tensorflow/"},
{"text": "\uc2e4\uc804! Node.js \ub9c8\uc774\ud06c\ub85c\uc11c\ube44\uc2a4 \uac1c\ubc1c", "url": "https://wikibook.co.kr/nodejs-microservices/"},
{"text": "PyTorch\ub97c \ud65c\uc6a9\ud55c \uac15\ud654\ud559\uc2b5/\uc2ec\uce35\uac15\ud654\ud559\uc2b5 \uc2e4\uc804 \uc785\ubb38", "url": "https://wikibook.co.kr/pytorch-drl/"},
{"text": "AWS \uc2dc\uc2a4\ud15c \uc124\uacc4\uc640 \ub9c8\uc774\uadf8\ub808\uc774\uc158", "url": "https://wikibook.co.kr/aws-design-migration/"},
{"text": "\ubaa8\ub358 \ub9ac\uc561\ud2b8/\ub9ac\ub355\uc2a4 \ud504\ub85c\uadf8\ub798\ubc0d", "url": "https://wikibook.co.kr/react-redux/"},
{"text": "\ube14\ub85d\uccb4\uc778\uc73c\ub85c \uad6c\ud604\ud558\ub294 \uc0ac\uc774\ubc84 \ubcf4\uc548", "url": "https://wikibook.co.kr/cybersecurity-with-blockchain/"},
{"text": "\uc2e4\uc804\ud65c\uc6a9! \ud150\uc11c\ud50c\ub85c \ub525\ub7ec\ub2dd \ud504\ub85c\uc81d\ud2b8", "url": "https://wikibook.co.kr/tensorflow-projects/"},
{"text": "\ub530\ub77c \ud558\uba74\uc11c \ubc30\uc6b0\ub294 \uc720\ub2c8\ud2f0 ML-Agents", "url": "https://wikibook.co.kr/unity-ml-agents/"},
{"text": "\ub9c8\uc2a4\ud130\ub9c1 \uc2a4\ud504\ub9c1 \ud074\ub77c\uc6b0\ub4dc", "url": "https://wikibook.co.kr/mastering-spring-cloud/"},
{"text": "PyTorch\ub97c \ud65c\uc6a9\ud55c \uba38\uc2e0\ub7ec\ub2dd, \ub525\ub7ec\ub2dd \ucca0\uc800 \uc785\ubb38", "url": "https://wikibook.co.kr/pytorch/"},
{"text": "\uad50\uc591\uc73c\ub85c\uc11c\uc758 \ud14c\ud06c\ub180\ub7ec\uc9c0", "url": "https://wikibook.co.kr/future-techs/"},
{"text": "\uac00\uc7a5 \uc26c\uc6b4 \ub525\ub7ec\ub2dd \uc785\ubb38 \uad50\uc2e4", "url": "https://wikibook.co.kr/easy-deep-learning/"},
{"text": "Logic Pro X 10.4", "url": "https://wikibook.co.kr/logic-pro-x-104/"},
{"text": "\ucd08\ubcf4\uc790\ub97c \uc704\ud55c \uc2e0\uacbd\ub9dd \ub525\ub7ec\ub2dd \uc785\ubb38", "url": "https://wikibook.co.kr/neural-deep-learning/"},
{"text": "\uc194\ub9ac\ub514\ud2f0 \ud504\ub85c\uadf8\ub798\ubc0d \uc5d0\uc13c\uc15c", "url": "https://wikibook.co.kr/solidity-essentials/"},
{"text": "\ub370\uc774\ud130 \ubd84\uc11d\uc744 \uc704\ud55c \ud30c\uc774\uc36c \ucca0\uc800 \uc785\ubb38", "url": "https://wikibook.co.kr/python-for-data-analysis/"},
{"text": "\uc2dc\uc791\ud558\uc138\uc694! \ub370\uc774\ud130 \ubd84\uc11d with R", "url": "https://wikibook.co.kr/data-analysis-with-r/"},
{"text": "\ub77c\uc988\ubca0\ub9ac \ud30c\uc774 3 \uc785\ubb38\uacfc \uc2e4\uc804 \ud65c\uc6a9", "url": "https://wikibook.co.kr/raspberry-pi-3/"},
{"text": "\ub9c8\uc74c\uc744 \uc6c0\uc9c1\uc774\ub294 \ub514\uc790\uc778 \uc6d0\ub9ac", "url": "https://wikibook.co.kr/design-for-behavior-change/"},
{"text": "\ud06c\ub864\ub9c1 \ud575\uc2ec \uac00\uc774\ub4dc", "url": "https://wikibook.co.kr/crawling-essentials/"},
{"text": "\uc815\ubcf4\ubcf4\uc548 \ucf58\ud14c\uc2a4\ud2b8\ub97c \uc704\ud55c CTF \ubb38\uc81c\uc9d1", "url": "https://wikibook.co.kr/ctf-workbook/"},
{"text": "\ub370\uc774\ud130 \ubd84\uc11d\uc744 \ub5a0\ubc1b\uce58\ub294 \uc218\ud559", "url": "https://wikibook.co.kr/math-for-data-science/"},
{"text": "\ud30c\uc774\uc36c\uacfc \ucf00\ub77c\uc2a4\ub97c \uc774\uc6a9\ud55c \ub525\ub7ec\ub2dd/\uac15\ud654\ud559\uc2b5 \uc8fc\uc2dd\ud22c\uc790", "url": "https://wikibook.co.kr/deep-learning-trading/"},
{"text": "\uc808\ub300\uac15\uc88c! \uc720\ub2c8\ud2f0", "url": "https://wikibook.co.kr/unity-2018/"},
{"text": "\ud30c\uc774\uc36c\uc73c\ub85c \ub9cc\ub4dc\ub294 \uc554\ud638\ud654\ud3d0 \uc790\ub3d9 \uac70\ub798 \uc2dc\uc2a4\ud15c", "url": "https://wikibook.co.kr/cryptocurrency-trading/"},
{"text": "\ub7ec\ub2dd! OpenCV 3", "url": "https://wikibook.co.kr/opencv3/"},
{"text": "\uc2dc\uc791\ud558\uc138\uc694! Final Cut Pro X 10.4", "url": "https://wikibook.co.kr/fcpx-104/"},
{"text": "\uc778\ud504\ub77c \ubcf4\uc548", "url": "https://wikibook.co.kr/infra-security/"},
{"text": "\ud504\ub85c\uadf8\ub798\uba38\uac00 \uc54c\ub824\uc8fc\ub294 \uc218\ud559", "url": "https://wikibook.co.kr/learn-math/"},
{"text": "\ub370\uc774\ud130 \uc911\uc2ec \uc560\ud50c\ub9ac\ucf00\uc774\uc158 \uc124\uacc4", "url": "https://wikibook.co.kr/data-intensive-applications/"},
{"text": "\ube45\ub370\uc774\ud130 \ubd84\uc11d\uc744 \uc704\ud55c \uc2a4\ud30c\ud06c 2 \ud504\ub85c\uadf8\ub798\ubc0d [\uac1c\uc815\ud310]", "url": "https://wikibook.co.kr/spark2nd/"},
{"text": "\uc560\uc790\uc77c \ub370\uc774\ud130 \uacfc\ud559 2.0", "url": "https://wikibook.co.kr/agile-data-science/"},
{"text": "\uc775\uc2a4\ud50c\ub85c\ub9c1 \ub77c\uc988\ubca0\ub9ac \ud30c\uc774", "url": "https://wikibook.co.kr/exploring-raspberry-pi/"},
{"text": "\ud30c\uc774\uc36c\uc744 \uc774\uc6a9\ud55c \uc6f9 \ud06c\ub864\ub9c1\uacfc \uc2a4\ud06c\ub808\uc774\ud551", "url": "https://wikibook.co.kr/python-for-web-scraping/"},
{"text": "\uc2a4\ud504\ub9c1 \ucca0\uc800 \uc785\ubb38", "url": "https://wikibook.co.kr/introducing-spring-framework/"},
{"text": "\uae30\ucd08 \uc218\ud559\uc73c\ub85c \uc774\ud574\ud558\ub294 \uba38\uc2e0\ub7ec\ub2dd \uc54c\uace0\ub9ac\uc998", "url": "https://wikibook.co.kr/math-for-ml/"},
{"text": "\ud30c\uc774\uc36c\uc73c\ub85c \ubc30\uc6b0\ub294 \ub370\uc774\ud130 \uacfc\ud559 \uc785\ubb38\uacfc \uc2e4\uc2b5", "url": "https://wikibook.co.kr/introducing-data-science/"},
{"text": "Real MongoDB", "url": "https://wikibook.co.kr/real-mongodb/"},
{"text": "\uc5d1\uc140\uc744 \ud65c\uc6a9\ud55c \ub370\uc774\ud130 \uacfc\ud559 \uc2e4\ubb34 \uc785\ubb38", "url": "https://wikibook.co.kr/data-science-with-excel/"},
{"text": "\ud504\ub799\ud2f0\uceec C#", "url": "https://wikibook.co.kr/practical-csharp/"},
{"text": "\uc774\ub354\ub9ac\uc6c0\uacfc \uc194\ub9ac\ub514\ud2f0 \uc785\ubb38", "url": "https://wikibook.co.kr/ethereum-solidity/"},
{"text": "AWS \uae30\ubc18 \uc11c\ubc84\ub9ac\uc2a4 \uc544\ud0a4\ud14d\ucc98", "url": "https://wikibook.co.kr/serverless-architecture-on-aws/"},
{"text": "\uad6c\uae00 \uc560\ub110\ub9ac\ud2f1\uc2a4 \uc644\ubcbd \uac00\uc774\ub4dc", "url": "https://wikibook.co.kr/google-analytics/"},
{"text": "\ubaa8\ub358 \uc790\ubc14\uc2a4\ud06c\ub9bd\ud2b8 \uac1c\ubc1c\uc790\ub97c \uc704\ud55c \ub9ac\uc561\ud2b8 \ud504\ub85c\uadf8\ub798\ubc0d", "url": "https://wikibook.co.kr/nodejs-react/"},
{"text": "\ube14\ub85d\uccb4\uc778 \uc560\ud50c\ub9ac\ucf00\uc774\uc158 \uac1c\ubc1c \uc2e4\uc804 \uc785\ubb38", "url": "https://wikibook.co.kr/blockchain-solidity/"},
{"text": "\ub77c\uc988\ubca0\ub9ac \ud30c\uc774\ub85c \ubc30\uc6b0\ub294 \ucef4\ud4e8\ud130 \uc544\ud0a4\ud14d\ucc98", "url": "https://wikibook.co.kr/learning-computer-architecture/"},
{"text": "\uc815\uc11d\uc73c\ub85c \ubc30\uc6b0\ub294 \ub525\ub7ec\ub2dd", "url": "https://wikibook.co.kr/deep-learning-with-tensorflow/"},
{"text": "\ub7ec\ub2dd! Angular 4", "url": "https://wikibook.co.kr/learning-angular/"},
{"text": "\uc808\ub300\uac15\uc88c! VR/AR", "url": "https://wikibook.co.kr/vrar-lecture/"},
{"text": "\uc9c0\ub2a5\ud615 \uc6f9 \uc54c\uace0\ub9ac\uc998", "url": "https://wikibook.co.kr/intelligent-web-algorithms/"},
{"text": "\uc564\uc11c\ube14 \ucca0\uc800 \uc785\ubb38", "url": "https://wikibook.co.kr/ansible/"},
{"text": "\ub9ac\uc5bc\uc6d4\ub4dc \uba38\uc2e0\ub7ec\ub2dd", "url": "https://wikibook.co.kr/real-world-machine-learning/"},
{"text": "\ud30c\uc774\uc36c \ub370\uc774\ud130 \uc0ac\uc774\uc5b8\uc2a4 \ud578\ub4dc\ubd81", "url": "https://wikibook.co.kr/python-ds-handbook/"},
{"text": "\uc2dc\uc791\ud558\uc138\uc694! C# 7.1 \ud504\ub85c\uadf8\ub798\ubc0d", "url": "https://wikibook.co.kr/beginning-csharp-71/"},
{"text": "\uc2e4\ubb34 \ud504\ub85c\uc81d\ud2b8\ub85c \ubc30\uc6b0\ub294 \ube45\ub370\uc774\ud130 \uae30\uc220(\uac1c\uc815\uc99d\ubcf4\ud310)", "url": "https://wikibook.co.kr/bigdata-revised/"},
{"text": "\uc2e4\uc804\uac15\uc88c! \uc544\uc774\ud3f0 \uc571 \ud504\ub85c\uadf8\ub798\ubc0d", "url": "https://wikibook.co.kr/swift-3-app-development/"},
{"text": "\ucd5c\uc2e0 \ud45c\uc900 HTML5+CSS3 \ub514\uc790\uc778", "url": "https://wikibook.co.kr/html-css-design/"},
{"text": "\uc27d\uace0 \ube60\ub974\uac8c \ubc30\uc6b0\ub294 Vue.js 2 \ud504\ub85c\uadf8\ub798\ubc0d", "url": "https://wikibook.co.kr/vue-js-2/"},
{"text": "\uc2ac\ub799\uc73c\ub85c \ud611\uc5c5\ud558\uae30", "url": "https://wikibook.co.kr/slack/"},
{"text": "\ud30c\uc774\uc36c\uacfc \ucf00\ub77c\uc2a4\ub85c \ubc30\uc6b0\ub294 \uac15\ud654\ud559\uc2b5", "url": "https://wikibook.co.kr/reinforcement-learning/"},
{"text": "\ub7ec\ub2dd\uc2a4\ucfe8! \ud30c\uc774\uc36c \uad50\uacfc\uc11c", "url": "https://wikibook.co.kr/python-for-everyone/"},
{"text": "Code Complete \ucf54\ub4dc \ucef4\ud50c\ub9ac\ud2b8 2", "url": "https://wikibook.co.kr/code-complete-2/"},
{"text": "\ube60\ub974\uac8c \ud65c\uc6a9\ud558\ub294 \ud30c\uc774\uc36c 3.6 \ud504\ub85c\uadf8\ub798\ubc0d", "url": "https://wikibook.co.kr/python-36-programming/"},
{"text": "\ube14\ub85d\uccb4\uc778 \uad6c\uc870\uc640 \uc774\ub860", "url": "https://wikibook.co.kr/blockchain/"},
{"text": "\ud30c\uc774\uc36c\uc744 \uc774\uc6a9\ud55c \uba38\uc2e0\ub7ec\ub2dd, \ub525\ub7ec\ub2dd \uc2e4\uc804 \uac1c\ubc1c \uc785\ubb38", "url": "https://wikibook.co.kr/python-machine-learning/"},
{"text": "\uc548\ub4dc\ub85c\uc774\ub4dc \uac1c\ubc1c \ub808\ubca8\uc5c5 \uad50\uacfc\uc11c", "url": "https://wikibook.co.kr/advanced-android-book/"},
{"text": "\ud30c\uc774\uc36c\uc73c\ub85c \ubc30\uc6b0\ub294 \uc54c\uace0\ub9ac\uc998 \ud2b8\ub808\uc774\ub529", "url": "https://wikibook.co.kr/algorithm-trading/"},
{"text": "Logic Pro X 10.3", "url": "https://wikibook.co.kr/logic-pro-x-103/"},
{"text": "Software Requirement \uc18c\ud504\ud2b8\uc6e8\uc5b4 \uc694\uad6c\uc0ac\ud56d 3", "url": "https://wikibook.co.kr/software-requirements-3rd/"},
{"text": "\ucd5c\uc2e0 \uc778\uacf5\uc9c0\ub2a5", "url": "https://wikibook.co.kr/ai/"},
{"text": "\uc2dc\uc791\ud558\uc138\uc694! \ub3c4\ucee4", "url": "https://wikibook.co.kr/docker/"},
{"text": "\ud30c\uc774\uc36c \uc2e4\ubb34 \ud504\ub85c\uadf8\ub798\ubc0d", "url": "https://wikibook.co.kr/python-for-sysadmin/"},
{"text": "\ubaa8\ubc14\uc77c \uc571 \ud504\ub85c\ud1a0\ud0c0\uc774\ud551", "url": "https://wikibook.co.kr/framer/"},
{"text": "\ub530\ub77c \ud558\uba74\uc11c \ubc30\uc6b0\ub294 \uc720\ub2c8\ud2f05 \uc170\uc774\ub354\uc640 \uc774\ud399\ud2b8 \uc785\ubb38", "url": "https://wikibook.co.kr/unity5-shader-and-effect/"},
{"text": "\ucde8\uc57d\uc810 \uc9c4\ub2e8 \uc2a4\ud0c0\ud2b8 \uac00\uc774\ub4dc", "url": "https://wikibook.co.kr/web-security/"},
{"text": "\ube45\ub370\uc774\ud130 \ubd84\uc11d\uc744 \uc704\ud55c \uc2a4\ud30c\ud06c 2 \ud504\ub85c\uadf8\ub798\ubc0d", "url": "https://wikibook.co.kr/spark/"},
{"text": "\uc2e4\ubb34 \ud504\ub85c\uc81d\ud2b8\ub85c \ubc30\uc6b0\ub294 \ube45\ub370\uc774\ud130 \uae30\uc220", "url": "https://wikibook.co.kr/bigdata/"},
{"text": "\ubaa8\ub4e0 \uae30\ud68d\uc790\uc640 \ub514\uc790\uc774\ub108\uac00 \uc54c\uc544\uc57c \ud560 \uc0ac\ub78c\uc5d0 \ub300\ud55c \ub610 \ub2e4\ub978 100\uac00\uc9c0 \uc0ac\uc2e4", "url": "https://wikibook.co.kr/100-more-things-for-designers/"},
{"text": "\uc27d\uace0 \ube60\ub974\uac8c \ubc30\uc6b0\ub294 Angular 2 \ud504\ub85c\uadf8\ub798\ubc0d", "url": "https://wikibook.co.kr/angular-2/"},
{"text": "[\ub7ec\ub2dd\uc2a4\ucfe8] \uc0dd\ud65c\ucf54\ub529! \uc790\ubc14 \ud504\ub85c\uadf8\ub798\ubc0d \uc785\ubb38", "url": "https://wikibook.co.kr/java-for-everyone/"},
{"text": "\uc2dc\uc791\ud558\uc138\uc694! \ub9ac\uc561\ud2b8 \ud504\ub85c\uadf8\ub798\ubc0d", "url": "https://wikibook.co.kr/beginning-react/"},
{"text": "\uc544\uc774\ud3f0 \uc571 \uac1c\ubc1c \uad50\uacfc\uc11c (\ucd08\ubcf4 \uc785\ubb38\uc6a9)", "url": "https://wikibook.co.kr/swift-app-development/"},
{"text": "\ub9ac\ub205\uc2a4 \ucee4\ub110 \ub124\ud2b8\uc6cc\ud0b9", "url": "https://wikibook.co.kr/linux-kernel-networking/"},
{"text": "\uc720\ub2c8\ud2f0 \uac8c\uc784 \uc774\ud399\ud2b8 \uc785\ubb38", "url": "https://wikibook.co.kr/unity-game-effects/"},
{"text": "\uc720\ub2c8\ud2f0 UI \ub514\uc790\uc778 \uad50\uacfc\uc11c", "url": "https://wikibook.co.kr/ugui/"},
{"text": "CTF \uc815\ubcf4\ubcf4\uc548 \ucf58\ud14c\uc2a4\ud2b8 \ucc4c\ub9b0\uc9c0 \ubd81", "url": "https://wikibook.co.kr/ctf/"},
{"text": "\uad00\uacc4\ud615 \ub370\uc774\ud130\ubca0\uc774\uc2a4 \uc2e4\uc804 \uc785\ubb38", "url": "https://wikibook.co.kr/rdb-in-practice/"},
{"text": "\uc54c\uace0\ub9ac\uc998\uc73c\ub85c \ubc30\uc6b0\ub294 \uc778\uacf5\uc9c0\ub2a5, \uba38\uc2e0\ub7ec\ub2dd, \ub525\ub7ec\ub2dd \uc785\ubb38", "url": "https://wikibook.co.kr/ai-by-algorithm/"},
{"text": "EZ\uc758 \ub9db\uc788\ub294 \ud30c\uc6cc\ud3ec\uc778\ud2b8 \ub514\uc790\uc778 168", "url": "https://wikibook.co.kr/ez-powerpoint/"},
{"text": "\uba38\uc2e0\ub7ec\ub2dd \uc774\ub860 \uc785\ubb38", "url": "https://wikibook.co.kr/machine-learning-theory/"},
{"text": "\ud504\ub85c \ub9ac\uc561\ud2b8", "url": "https://wikibook.co.kr/pro-react/"},
{"text": "\ud30c\uc774\uc36c \uc6f9 \ud504\ub85c\uadf8\ub798\ubc0d (\uac1c\uc815\uc99d\ubcf4\ud310)", "url": "https://wikibook.co.kr/flask-revised/"},
{"text": "\uc27d\uac8c \ubc30\uc6b0\ub294 \ub77c\ub77c\ubca8 5 \ud504\ub85c\uadf8\ub798\ubc0d", "url": "https://wikibook.co.kr/laravel-5-programming/"},
{"text": "\uc2e4\uc804 \ub124\ud2b8\uc6cc\ud06c \ubcf4\uc548 \ubaa8\ub2c8\ud130\ub9c1", "url": "https://wikibook.co.kr/appliednsm/"},
{"text": "\uc2dc\uc791\ud558\uc138\uc694! \ud558\ub461 \ud504\ub85c\uadf8\ub798\ubc0d (\uac1c\uc8152\ud310)", "url": "https://wikibook.co.kr/beginning-hadoop-programming-2rev/"},
{"text": "\uc544\ub9c8\uc874 \uc6f9 \uc11c\ube44\uc2a4\ub97c \uc774\uc6a9\ud55c \uae00\ub85c\ubc8c \uc11c\ube44\uc2a4 \uc778\ud504\ub77c \uc124\uacc4", "url": "https://wikibook.co.kr/aws-for-infra-design/"},
{"text": "\ub124\ud2f0 \uc778 \uc561\uc158", "url": "https://wikibook.co.kr/netty-in-action/"},
{"text": "\ube14\ub85c\uadf8 \ube0c\ub79c\ub529 (\uac1c\uc815\uc99d\ubcf4\ud310)", "url": "https://wikibook.co.kr/blog-branding-revised/"},
{"text": "\uc808\ub300 \uc5d1\uc140", "url": "https://wikibook.co.kr/excel-textbook/"},
{"text": "\uc54c\uae30 \uc27d\uac8c \uc124\uba85\ud55c VMware NSX", "url": "https://wikibook.co.kr/vmware-nsx/"},
{"text": "\ud575\uc2ec\uac15\uc88c! \uc720\ub2c8\ud2f05", "url": "https://wikibook.co.kr/unity-5-by-example/"},
{"text": "\uc0ac\ubb3c\uc778\ud130\ub137\uc744 \uc704\ud55c \uc790\ubc14", "url": "https://wikibook.co.kr/java-of-things/"},
{"text": "Logic Pro X 10.2 (\uac1c\uc815\ud310)", "url": "https://wikibook.co.kr/logic-pro-x-102/"},
{"text": "\uc6f9 \uae30\ud68d\uc790\uac00 \uc54c\uc544\uc57c \ud560 \uc11c\ube44\uc2a4 \uae00\uc4f0\uae30\uc758 \ubaa8\ub4e0 \uac83 (\uac1c\uc815\ud310)", "url": "https://wikibook.co.kr/naver-writing-revised/"},
{"text": "\uc2dc\uc791\ud558\uc138\uc694! \uc571 \uc778\ubca4\ud130 2", "url": "https://wikibook.co.kr/app-inventor-2/"},
{"text": "\uc2e4\ubb34\ub85c \ubc30\uc6b0\ub294 \uc2dc\uc2a4\ud15c \uc131\ub2a5 \ucd5c\uc801\ud654", "url": "https://wikibook.co.kr/practical-performance-tuning/"},
{"text": "\uc2dc\uc2a4\ud15c \uc131\ub2a5 \ubd84\uc11d\uacfc \ucd5c\uc801\ud654", "url": "https://wikibook.co.kr/systems-performance/"},
{"text": "\ubaa8\ub358 \uc6f9\uc0ac\uc774\ud2b8 \ub514\uc790\uc778\uc758 \uc815\uc11d", "url": "https://wikibook.co.kr/modern-web-design-book/"},
{"text": "\uc27d\uac8c \ub530\ub77c \ud558\ub294 \ubaa8\ubc14\uc77c \uc6f9 \uac1c\ubc1c", "url": "https://wikibook.co.kr/jquery-mobile/"},
{"text": "\uc2e4\uc6a9\uc8fc\uc758 \uc0ac\uace0\uc640 \ud559\uc2b5 (\uc7ac\ucd9c\uac04\ud310)", "url": "https://wikibook.co.kr/ptal-reprint/"},
{"text": "\uc5d4\ud130\ud504\ub77c\uc774\uc988 \uc560\ud50c\ub9ac\ucf00\uc774\uc158 \uc544\ud0a4\ud14d\ucc98 \ud328\ud134", "url": "https://wikibook.co.kr/peaa/"},
{"text": "\uc790\ubc14\uc2a4\ud06c\ub9bd\ud2b8+jQuery \uc644\uc804\uc815\ubcf5 \uc2a4\ud130\ub514 3: \uc911\uae09/\uace0\uae09/\ud65c\uc6a9\ud3b8", "url": "https://wikibook.co.kr/js-study-advanced/"},
{"text": "\uc790\ubc14\uc2a4\ud06c\ub9bd\ud2b8+jQuery \uc644\uc804\uc815\ubcf5 \uc2a4\ud130\ub514 2: jQuery\ud3b8", "url": "https://wikibook.co.kr/js-study-jquery/"},
{"text": "\uc790\ubc14\uc2a4\ud06c\ub9bd\ud2b8+jQuery \uc644\uc804\uc815\ubcf5 \uc2a4\ud130\ub514 1: \uae30\ucd08\ud3b8", "url": "https://wikibook.co.kr/js-study-basic/"},
{"text": "\ud504\ub9ac\ubbf8\uc5c4 \ud14c\ub9c8\ub85c \ub9cc\ub4dc\ub294 \uc6cc\ub4dc\ud504\ub808\uc2a4 \uc0ac\uc774\ud2b8", "url": "https://wikibook.co.kr/wordpress-with-themes/"},
{"text": "\ub124\uc774\ubc84 \ubaa8\ubc14\uc77c \ud14c\uc2a4\ud2b8 \uc774\uc57c\uae30", "url": "https://wikibook.co.kr/naver-mobile-testing/"},
{"text": "\uc11c\ubc84/\uc778\ud504\ub77c \uc2e4\uc804 \uad6c\ucd95 \uac00\uc774\ub4dc", "url": "https://wikibook.co.kr/building-server-infra/"},
{"text": "\ud5ec\ub85c! \ud30c\uc774\uc36c \ud504\ub85c\uadf8\ub798\ubc0d(\uac1c\uc815\uc99d\ubcf4\ud310)", "url": "https://wikibook.co.kr/hello-python-2ed/"},
{"text": "\ub9ac\ub205\uc2a4 \uc11c\ubc84 \ubcf4\uc548", "url": "https://wikibook.co.kr/linux-server-security/"},
{"text": "\uc2dc\uc791\ud558\uc138\uc694! C# 6.0 \ud504\ub85c\uadf8\ub798\ubc0d", "url": "https://wikibook.co.kr/beginning-csharp-6/"},
{"text": "\ubc84\uadf8\ub9c8\uc655\uacfc \uc5d4\ud2b8\ub9ac\uc6d4\ub4dc\uc758 \uc704\uae30", "url": "https://wikibook.co.kr/play-entry/"},
{"text": "DBA\ub97c \uc704\ud55c MySQL \uc6b4\uc601 \uae30\uc220", "url": "https://wikibook.co.kr/mysql-for-dba/"},
{"text": "\ud504\ub85c\uadf8\ub798\ubc0d \ud328\ud134", "url": "https://wikibook.co.kr/programming-patterns/"},
{"text": "\uc808\ub300\uac15\uc88c! \uc720\ub2c8\ud2f0 5", "url": "https://wikibook.co.kr/unity-5-lecture/"},
{"text": "\ube0c\uc774\uc6d4\ub4dc \ub9e4\uc2dc\uc5c5\uc73c\ub85c \ub9cc\ub098\ub294 \uc0c8\ub85c\uc6b4 \uc138\uc0c1", "url": "https://wikibook.co.kr/vworld-mashup/"},
{"text": "\ube14\ub85c\uadf8 \ube0c\ub79c\ub529", "url": "https://wikibook.co.kr/blog-branding/"},
{"text": "\uc720\ub2c8\ud2f0 5 \uac8c\uc784 \uc81c\uc791 \uac00\uc774\ub4dc", "url": "https://wikibook.co.kr/unity-5-for-beginners/"},
{"text": "\uc2e4\uc804 \ud504\ub85c\uc81d\ud2b8\ub85c \ubc30\uc6b0\ub294 AngularJS", "url": "https://wikibook.co.kr/spa-with-angularjs/"},
{"text": "\uac1d\uccb4\uc9c0\ud5a5\uc758 \uc0ac\uc2e4\uacfc \uc624\ud574", "url": "https://wikibook.co.kr/object-orientation/"},
{"text": "\uc2dc\uc791\ud558\uc138\uc694! \ud050\ube0c\ub9ac\ub4dc", "url": "https://wikibook.co.kr/cubrid/"},
{"text": "\uc790\ubc14 API \ub514\uc790\uc778", "url": "https://wikibook.co.kr/practical-api-design/"},
{"text": "\uc720\ub2c8\ud2f0\uc640 C#\uc73c\ub85c \ubc30\uc6b0\ub294 \uac8c\uc784 \uac1c\ubc1c \uad50\uacfc\uc11c", "url": "https://wikibook.co.kr/game-textbook/"},
{"text": "\ud2b8\uc704\ud130 \ubd80\ud2b8\uc2a4\ud2b8\ub7a9\uc73c\ub85c \ub9cc\ub4dc\ub294 \uc6cc\ub4dc\ud504\ub808\uc2a4 \ud14c\ub9c8", "url": "https://wikibook.co.kr/bootstrap-for-wordpress/"},
{"text": "\uc774\uc57c\uae30\uc640 \uac8c\uc784\uc73c\ub85c \ubc30\uc6b0\ub294 \uc2a4\ud06c\ub798\uce58", "url": "https://wikibook.co.kr/scratch/"},
{"text": "\uc2a4\ud504\ub9c1 \uc785\ubb38\uc744 \uc704\ud55c \uc790\ubc14 \uac1d\uccb4 \uc9c0\ud5a5\uc758 \uc6d0\ub9ac\uc640 \uc774\ud574", "url": "https://wikibook.co.kr/java-oop-for-spring/"},
{"text": "\ub77c\uc988\ubca0\ub9ac \ud30c\uc774\ub85c \uad6c\ud604\ud558\ub294 \uc0ac\ubb3c \uc778\ud130\ub137 \ud504\ub85c\uc81d\ud2b8", "url": "https://wikibook.co.kr/raspberry-pi/"},
{"text": "\ub124\uc774\ubc84\ub97c \ub9cc\ub4e0 \uae30\uc220, \uc77d\uc73c\uba74\uc11c \ubc30\uc6b4\ub2e4 - \uc790\ubc14\ud3b8", "url": "https://wikibook.co.kr/how-naver-works-java/"},
{"text": "\uc790\ubc14 \uc6f9 \uac1c\ubc1c \uc644\ubcbd \uac00\uc774\ub4dc", "url": "https://wikibook.co.kr/projavaforwebapps/"},
{"text": "\uc2dc\uc791\ud558\uc138\uc694! \uc5d8\ub77c\uc2a4\ud2f1\uc11c\uce58", "url": "https://wikibook.co.kr/elasticsearch/"},
{"text": "\ud575\uc2ec\uc815\ub9ac \ube44\uc988\ub2c8\uc2a4 \ud504\ub808\uc784\uc6cc\ud06c 69", "url": "https://wikibook.co.kr/visual-business-frameworks-69/"},
{"text": "\uc2dc\uc791\ud558\uc138\uc694! \ud558\ub461 \ud504\ub85c\uadf8\ub798\ubc0d", "url": "https://wikibook.co.kr/beginning-hadoop-programming-2ed/"},
{"text": "\ub9ac\ubaa8\ud2b8", "url": "https://wikibook.co.kr/remote/"},
{"text": "\ub9ac\ub205\uc2a4\ub97c \ud65c\uc6a9\ud55c \ud68c\uc0ac \uc778\ud504\ub77c \uad6c\ucd95\uc758 \ubaa8\ub4e0 \uac83", "url": "https://wikibook.co.kr/linux-for-work/"},
{"text": "\ud504\ub85c\ud398\uc154\ub110 Ext JS 5 RIA \ud504\ub85c\uadf8\ub798\ubc0d", "url": "https://wikibook.co.kr/ext-js-5/"},
{"text": "\uc808\ub300\uac15\uc88c! \uc720\ub2c8\ud2f0 3D (\uac1c\uc815\uc99d\ubcf4\ud310)", "url": "https://wikibook.co.kr/unity-3d-lecture-2ed/"},
{"text": "\ub9ac\ubc84\uc2a4 \uc5d4\uc9c0\ub2c8\uc5b4\ub9c1 \ubc14\uc774\ube14 (\uc7ac\ucd9c\uac04\ud310)", "url": "https://wikibook.co.kr/reverse-engineering-bible-2ed/"},
{"text": "\ub530\ub77c \ud558\uba74\uc11c \ubc30\uc6b0\ub294 NGUI \uc720\ub2c8\ud2f0 2D \uac8c\uc784 \ud504\ub85c\uadf8\ub798\ubc0d", "url": "https://wikibook.co.kr/unity-ngui/"},
{"text": "\uc65c \uc2dc\uc2a4\ud15c \uac1c\ubc1c\ub9cc \ud558\uba74 \uc2f8\uc6cc\ub308\uae4c?", "url": "https://wikibook.co.kr/learn-pm-by-cases/"},
{"text": "\ucc9c\uc7ac\uc758 \uc6d0\uce59 46", "url": "https://wikibook.co.kr/the-rules-of-genius-46/"},
{"text": "\ubaa8\ub358 C \uc5b8\uc5b4 \ud504\ub85c\uadf8\ub798\ubc0d", "url": "https://wikibook.co.kr/modern-c-programming/"},
{"text": "\ub124\uc774\ubc84\ub294 \uc774\ub807\uac8c \ud55c\ub2e4! \ud504\ub7f0\ud2b8\uc5d4\ub4dc \uac1c\ubc1c \uc2dc\uc791\ud558\uae30", "url": "https://wikibook.co.kr/beginning-front-end-development/"},
{"text": "\ud30c\uc774\uc36c \uc778 \ud504\ub799\ud2f0\uc2a4", "url": "https://wikibook.co.kr/python-in-practice/"},
{"text": "Logic Pro X (\uc99d\ubcf4\ud310)", "url": "https://wikibook.co.kr/logic-pro-x-revised/"},
{"text": "Node.js \uc778 \uc561\uc158", "url": "https://wikibook.co.kr/nodejs-in-action/"},
{"text": "\uc2dc\uc791\ud558\uc138\uc694! \uc2a4\ud504\ub9c1 4 \ud504\ub85c\uadf8\ub798\ubc0d", "url": "https://wikibook.co.kr/beginning-spring-4/"},
{"text": "\uc2a4\ub9c8\ud2b8\ub77c\uc774\ud504\ub97c \uc704\ud55c \ube0c\uc774\uc6d4\ub4dc \uc644\ubcbd \ud65c\uc6a9 \uac00\uc774\ub4dc", "url": "https://wikibook.co.kr/vworld/"},
{"text": "\uc0ac\uc545\ud55c \ub514\uc790\uc778", "url": "https://wikibook.co.kr/evil-by-design/"},
{"text": "\uc7bd, \uc7bd, \uc7bd, \ub77c\uc774\ud2b8\ud6c5", "url": "https://wikibook.co.kr/jab-jab-jab-right-hook/"},
{"text": "\ud480\uc2a4\ud0dd \uc790\ubc14\uc2a4\ud06c\ub9bd\ud2b8 \uac1c\ubc1c", "url": "https://wikibook.co.kr/full-stack-javascript-development/"},
{"text": "\ub2e8\uc77c \ud398\uc774\uc9c0 \uc6f9 \uc560\ud50c\ub9ac\ucf00\uc774\uc158", "url": "https://wikibook.co.kr/spa/"},
{"text": "\ud568\uaed8\ud558\ub294 \ub514\uc790\uc778", "url": "https://wikibook.co.kr/designing-together/"},
{"text": "\uc11c\ube0c\ub77c\uc784 \ud14d\uc2a4\ud2b8", "url": "https://wikibook.co.kr/sublime-text/"},
{"text": "\uac1c\ubc1c\uc790 \uc601\uc5b4", "url": "https://wikibook.co.kr/developer-english/"},
{"text": "\ub370\uc774\ud130\ub294 \uc5b8\uc81c\ub098 \uc633\ub2e4! \ub300\uaddc\ubaa8 \ub370\uc774\ud130 \ucc98\ub9ac\uc640 \ubd84\uc11d \uc2e4\ubb34", "url": "https://wikibook.co.kr/data-just-right/"},
{"text": "\uc790\ubc14 \ucf54\ub529, \uc774\ub7f4 \ub550 \uc774\ub807\uac8c", "url": "https://wikibook.co.kr/java-coding-with-pmd/"},
{"text": "\uc2dc\uc791\ud558\uc138\uc694! AngularJS \ud504\ub85c\uadf8\ub798\ubc0d", "url": "https://wikibook.co.kr/beginning-angularjs/"},
{"text": "\ud504\ub808\uc820\ud14c\uc774\uc158 \uad50\uacfc\uc11c", "url": "https://wikibook.co.kr/presentation-patterns/"},
{"text": "Specification by Example [\ud55c\uad6d\uc5b4\ud310]", "url": "https://wikibook.co.kr/specification-by-example/"},
{"text": "Real MariaDB", "url": "https://wikibook.co.kr/real-mariadb/"},
{"text": "DIY! \uc6cc\ub4dc\ud504\ub808\uc2a4 \uc1fc\ud551\ubab0", "url": "https://wikibook.co.kr/diy-wordpress-shopping-mall/"},
{"text": "\uc784\ubca0\ub514\ub4dc\uc758 \ubaa8\ub4e0 \uac83", "url": "https://wikibook.co.kr/all-about-embedded/"},
{"text": "\ubaa8\uc758\ud574\ud0b9\uc774\ub780 \ubb34\uc5c7\uc778\uac00", "url": "https://wikibook.co.kr/what-is-pentest/"},
{"text": "\uc2dc\uc791\ud558\uc138\uc694! Cocos2d-x 3.0 \ud504\ub85c\uadf8\ub798\ubc0d", "url": "https://wikibook.co.kr/beginning-cocos2d-x-3-0/"},
{"text": "\ub208\uae38\uc744 \uc0ac\ub85c\uc7a1\ub294 \uc2a4\ub9c8\ud2b8\ud3f0 \uc571 UX & UI \ub514\uc790\uc778 (\uac1c\uc815\uc99d\ubcf4\ud310)", "url": "https://wikibook.co.kr/seductive-ux-ui-revised/"},
{"text": "\ud5ec\ub85c! \ud30c\uc774\uc36c \ud504\ub85c\uadf8\ub798\ubc0d", "url": "https://wikibook.co.kr/hello-python/"},
{"text": "\uc808\ub300\uac15\uc88c \uc720\ub2c8\ud2f0 4", "url": "https://wikibook.co.kr/unity-4-lecture/"},
{"text": "\uc27d\uace0 \ube60\ub978 \ubaa8\ubc14\uc77c \uc6f9 UI \uac1c\ubc1c", "url": "https://wikibook.co.kr/naver-mobile-web-development/"},
{"text": "\ud30c\uc774\uc36c \uc6f9 \ud504\ub85c\uadf8\ub798\ubc0d", "url": "https://wikibook.co.kr/flask/"},
{"text": "DIY! \uc6cc\ub4dc\ud504\ub808\uc2a4", "url": "https://wikibook.co.kr/diy-wordpress/"},
{"text": "Logic Pro X", "url": "https://wikibook.co.kr/logic-pro-x/"},
{"text": "\ubc18\uc751\ud615 \uc6f9\ub514\uc790\uc778(\uc99d\ubcf4\ud310)", "url": "https://wikibook.co.kr/responsive-web-design-revised/"},
{"text": "\ucf54\ub529 \ud638\ub7ec\uac00 \ub4e4\ub824\uc8fc\ub294 \uc9c4\uc9dc \uc18c\ud504\ud2b8\uc6e8\uc5b4 \uac1c\ubc1c \uc774\uc57c\uae30", "url": "https://wikibook.co.kr/coding-horror-2/"},
{"text": "\uc6cc\ub4dc\ud504\ub808\uc2a4 \uc1fc\ud551\ubab0 \ub9cc\ub4e4\uae30", "url": "https://wikibook.co.kr/wordpress-shopping-mall/"},
{"text": "\uc2dc\uc791\ud558\uc138\uc694! C# \ud504\ub85c\uadf8\ub798\ubc0d", "url": "https://wikibook.co.kr/beginning-csharp-programming/"},
{"text": "\uc774\uac83\uc774 UX \ub514\uc790\uc778\uc774\ub2e4", "url": "https://wikibook.co.kr/this-is-ux-design/"},
{"text": "\ud558\ub461 \uc778 \ud504\ub799\ud2f0\uc2a4", "url": "https://wikibook.co.kr/hadoop-in-practice/"},
{"text": "\ub9c8\uc74c\uc744 \uc6c0\uc9c1\uc774\ub294 \uc2ec\ub9ac\ud559", "url": "https://wikibook.co.kr/how-to-get-people-to-do-stuff/"},
{"text": "UX \ub514\uc790\uc778 \ud504\ub85c\uc81d\ud2b8 \uac00\uc774\ub4dc 2", "url": "https://wikibook.co.kr/project-guide-to-ux-design-2ed/"},
{"text": "\uc0dd\ud65c\ucf54\ub529", "url": "https://wikibook.co.kr/coding-everybody/"},
{"text": "\uc6f9 \uae30\ud68d\uc790\uac00 \uc54c\uc544\uc57c \ud560 \uc11c\ube44\uc2a4 \uae00\uc4f0\uae30\uc758 \ubaa8\ub4e0 \uac83", "url": "https://wikibook.co.kr/naver-writing/"},
{"text": "\ub530\ub77c \ud558\uba74\uc11c \ubc30\uc6b0\ub294 \uc720\ub2c8\ud2f0 3D \uc785\ubb38", "url": "https://wikibook.co.kr/learning-unity-3d/"},
{"text": "The Functional Art", "url": "https://wikibook.co.kr/the-functional-art/"},
{"text": "\uc2dc\uc791\ud558\uc138\uc694! Cocos2d-x \ud504\ub85c\uadf8\ub798\ubc0d (\uc99d\ubcf4\ud310)", "url": "https://wikibook.co.kr/beginning-cocos2d-x-revised/"},
{"text": "\ub2e8\uacc4\uc801 \uae30\ub2a5 \ud5a5\uc0c1\uc744 \uc774\uc6a9\ud55c \ubaa8\ub450\ub97c \uc704\ud55c \uc6f9 \ub514\uc790\uc778", "url": "https://wikibook.co.kr/progressive-enhancement/"},
{"text": "\ub530\ub77c \ud558\uba74\uc11c \ubc30\uc6b0\ub294 HTML5 CSS3 jQuery JavaScript \uc2e4\ubb34 \ud65c\uc6a9 14\uac00\uc9c0", "url": "https://wikibook.co.kr/webdongne-14-examples/"},
{"text": "\ub370\ube0c\uc635\uc2a4", "url": "https://wikibook.co.kr/devops/"},
{"text": "\uc190\uc5d0 \uc7a1\ud788\ub294 \uc0bc\uc131 \uc2a4\ub9c8\ud2b8TV \uc571 \uac1c\ubc1c", "url": "https://wikibook.co.kr/smart-app-development/"},
{"text": "\uc2dc\uc791\ud558\uc138\uc694! iOS 6 \ud504\ub85c\uadf8\ub798\ubc0d", "url": "https://wikibook.co.kr/beginning-ios-6-development/"},
{"text": "\ubaa8\ubc14\uc77c \uc571 \uad11\uace0 \ud65c\uc6a9 \uac00\uc774\ub4dc", "url": "https://wikibook.co.kr/mobile-app-ads/"},
{"text": "\uc544\ub9c8\uc874 \uc6f9 \uc11c\ube44\uc2a4 \uc644\ubcbd \ud65c\uc6a9\ubc95", "url": "https://wikibook.co.kr/amazon-web-services/"},
{"text": "\ud2b8\uc704\ud130 \ubd80\ud2b8\uc2a4\ud2b8\ub7a9", "url": "https://wikibook.co.kr/twitter-bootstrap/"},
{"text": "\ucf54\ub529 \ud638\ub7ec\uc758 \uc774\ud399\ud2f0\ube0c \ud504\ub85c\uadf8\ub798\ubc0d", "url": "https://wikibook.co.kr/effective-programming/"},
{"text": "\ud504\ub85c\ud398\uc154\ub110 Node.js", "url": "https://wikibook.co.kr/professional-node-js/"},
{"text": "\ubc18\uc751\ud615 \uc6f9 \ub514\uc790\uc778", "url": "https://wikibook.co.kr/responsive-web-design/"},
{"text": "\ubb38\uc81c \ud480\uc774\ub85c \ubc30\uc6b0\ub294 \uc2dc\uc2a4\ud15c \ud574\ud0b9 \ud14c\ud06c\ub2c9", "url": "https://wikibook.co.kr/system-hacking-techniques/"},
{"text": "\ud37c\ud399\ud2b8 \uc790\ubc14\uc2a4\ud06c\ub9bd\ud2b8", "url": "https://wikibook.co.kr/perfect-javascript/"},
{"text": "\ub124\uc774\ubc84 N\ub4dc\ub77c\uc774\ube0c, 1\ucc9c\ub9cc\uc774 \uc120\ud0dd\ud55c \ub098\ub9cc\uc758 \uc800\uc7a5 \uacf5\uac04", "url": "https://wikibook.co.kr/naver-ndrive/"},
{"text": "NoSQL \ud504\ub85c\uadf8\ub798\ubc0d", "url": "https://wikibook.co.kr/nosql-programming/"},
{"text": "\uc6f9 \uc811\uadfc\uc131 \ud504\ub85c\uc81d\ud2b8 \uc2dc\uc791\ud558\uae30", "url": "https://wikibook.co.kr/naver-web-accessibility/"},
{"text": "\ub208\uae38\uc744 \uc0ac\ub85c\uc7a1\ub294 \uc2a4\ub9c8\ud2b8\ud3f0 \uc571 UX & UI \ub514\uc790\uc778", "url": "https://wikibook.co.kr/seductive-ux-ui/"},
{"text": "HTML5 \uce94\ubc84\uc2a4 \uc644\ubcbd \uac00\uc774\ub4dc", "url": "https://wikibook.co.kr/core-html5-canvas/"},
{"text": "\uc2dc\uc791\ud558\uc138\uc694! \ucee4\ud53c\uc2a4\ud06c\ub9bd\ud2b8 \ud504\ub85c\uadf8\ub798\ubc0d", "url": "https://wikibook.co.kr/smooth-coffeescript/"},
{"text": "\ubaa8\ub4e0 \uae30\ud68d\uc790\uc640 \ud504\ub9ac\uc820\ud130\uac00 \uc54c\uc544\uc57c \ud560 \uc0ac\ub78c\uc5d0 \ub300\ud55c 100\uac00\uc9c0 \uc0ac\uc2e4", "url": "https://wikibook.co.kr/100-things-for-presenters/"},
{"text": "\uc6cc\ub4dc\ud504\ub808\uc2a4 \uc644\ubcbd \uc785\ubb38", "url": "https://wikibook.co.kr/wordpress/"},
{"text": "\ud504\ub85c \uc2a4\ud504\ub9c1 3", "url": "https://wikibook.co.kr/pro-spring-3/"},
{"text": "\ub9ac\ubc84\uc2a4 \uc5d4\uc9c0\ub2c8\uc5b4\ub9c1 \ubc14\uc774\ube14", "url": "https://wikibook.co.kr/reverse-engineering-bible/"},
{"text": "\uc790\ubc14\uc2a4\ud06c\ub9bd\ud2b8 \uc131\ub2a5 \uc774\uc57c\uae30", "url": "https://wikibook.co.kr/naver-javascript-performance/"},
{"text": "NHN \uc624\ud508 API\ub97c \ud65c\uc6a9\ud55c \ub9e4\uc2dc\uc5c5", "url": "https://wikibook.co.kr/naver-open-api/"},
{"text": "\ub77c\uc774\ud504\ud574\ucee4", "url": "https://wikibook.co.kr/lifehacker/"},
{"text": "\uc548\ub4dc\ub85c\uc774\ub4dc NDK \ub124\uc774\ud2f0\ube0c \ud504\ub85c\uadf8\ub798\ubc0d", "url": "https://wikibook.co.kr/android-ndk/"},
{"text": "\uc624\ube0c\uc81d\ud2f0\ube0c-C \ud578\ub4dc\ubd81", "url": "https://wikibook.co.kr/objective-c-handbook/"},
{"text": "\uac8c\uc784 \ub514\uc790\uc778 \uc6cc\ud06c\uc20d", "url": "https://wikibook.co.kr/game-design-workshop/"},
{"text": "jQuery 1.7", "url": "https://wikibook.co.kr/jquery-1-7/"},
{"text": "Cocos2D JavaScript\ub97c \uc774\uc6a9\ud55c HTML5 \uac8c\uc784 \uac1c\ubc1c", "url": "https://wikibook.co.kr/cocos2d-javascript/"},
{"text": "\uc790\ubc14\uc2a4\ud06c\ub9bd\ud2b8 \uac1d\uccb4\uc9c0\ud5a5 \ud504\ub85c\uadf8\ub798\ubc0d", "url": "https://wikibook.co.kr/javascript-oop/"},
{"text": "\uc5d4\ub4dc\uac8c\uc784", "url": "https://wikibook.co.kr/endgame/"},
{"text": "\ub514\uc790\uc778 \uc2a4\ud29c\ub514\uc624\uc640 \ud568\uaed8\ud558\ub294 \uae30\ud68d\uc11c \ub9cc\ub4e4\uae30", "url": "https://wikibook.co.kr/design-studio/"},
{"text": "\uc628\ub77c\uc778 \uac8c\uc784\uc744 \uc9c0\ud0f1\ud558\ub294 \uae30\uc220", "url": "https://wikibook.co.kr/online-game-book/"},
{"text": "Real MySQL", "url": "https://wikibook.co.kr/real-mysql/"},
{"text": "\uc2dc\uc791\ud558\uc138\uc694! \uc544\uc774\ud3f0 5 \ud504\ub85c\uadf8\ub798\ubc0d", "url": "https://wikibook.co.kr/beginning-ios-5-development/"},
{"text": "\uc548\ub4dc\ub85c\uc774\ub4dc \ub808\uc2dc\ud53c", "url": "https://wikibook.co.kr/android-recipe/"},
{"text": "\ud504\ub85c\uac00 \ub418\uae30 \uc704\ud55c \uc6f9 \uae30\uc220 \uc785\ubb38", "url": "https://wikibook.co.kr/web-text/"},
{"text": "\ube60\ub974\uac8c \ud65c\uc6a9\ud558\ub294 \ud30c\uc774\uc36c 3.2 \ud504\ub85c\uadf8\ub798\ubc0d", "url": "https://wikibook.co.kr/python-32-programming/"},
{"text": "UX \ub514\uc790\uc778 \ucee4\ubba4\ub2c8\ucf00\uc774\uc158 2", "url": "https://wikibook.co.kr/communicating-design-2ed/"},
{"text": "\uc2e4\uc804! \ud558\uc774\ube0c\ub9ac\ub4dc \uc571 \uac1c\ubc1c\uc744 \uc704\ud55c \ud3f0\uac2d \ud504\ub85c\uadf8\ub798\ubc0d", "url": "https://wikibook.co.kr/phone-gap/"},
{"text": "\uc2dc\uc791\ud558\uc138\uc694! Unity 3D \uac8c\uc784 \ud504\ub85c\uadf8\ub798\ubc0d", "url": "https://wikibook.co.kr/beginning-3d-game-development-with-unity/"},
{"text": "jQuery\ub97c \ud65c\uc6a9\ud55c \uc778\ud130\ub799\ud2f0\ube0c \uc6f9 \ucf58\ud150\uce20 \uc81c\uc791", "url": "https://wikibook.co.kr/ddandongne-jquery/"},
{"text": "\ubaa8\ub4e0 \uae30\ud68d\uc790\uc640 \ub514\uc790\uc774\ub108\uac00 \uc54c\uc544\uc57c \ud560 \uc0ac\ub78c\uc5d0 \ub300\ud55c 100\uac00\uc9c0 \uc0ac\uc2e4 ", "url": "https://wikibook.co.kr/100-things-for-designers/"},
{"text": "\uc2dc\uc791\ud558\uc138\uc694! \ud2f0\ud0c0\ub284\uc744 \ud65c\uc6a9\ud55c \uc2a4\ub9c8\ud2b8\ud3f0 \uc571 \uac1c\ubc1c", "url": "https://wikibook.co.kr/titanium-app-development/"},
{"text": "HTML5 & CSS3 \uc2e4\uc804\uc5d0\uc11c\ub294 \uc774\ub807\uac8c \uc4f4\ub2e4!", "url": "https://wikibook.co.kr/html5-css3-for-the-real-world/"},
{"text": "\ub300\ud55c\ubbfc\uad6d \uc18c\ud504\ud2b8\uc6e8\uc5b4, \ub9ac\uc2a4\ud0c0\ud2b8", "url": "https://wikibook.co.kr/software-restart/"},
{"text": "\uc2dc\uc791\ud558\uc138\uc694! \uc571 \uc778\ubca4\ud130", "url": "https://wikibook.co.kr/app-inventor-for-android/"},
{"text": "\uc2dc\uc791\ud558\uc138\uc694! \ub9e5 OS X \ub77c\uc774\uc5b8", "url": "https://wikibook.co.kr/mac-os-x-lion/"},
{"text": "\ucf58\ud150\uce20 UX \ub514\uc790\uc778", "url": "https://wikibook.co.kr/letting-go-of-the-words/"},
{"text": "NHN\uc740 \uc774\ub807\uac8c \ud55c\ub2e4! \uc790\ubc14\uc2a4\ud06c\ub9bd\ud2b8 UI \uac1c\ubc1c\uacfc Jindo \ud504\ub808\uc784\uc6cc\ud06c", "url": "https://wikibook.co.kr/naver-javascript-ui-jindo/"},
{"text": "\uc2dc\uc791\ud558\uc138\uc694! cocos2d \uc544\uc774\ud3f0 \uac8c\uc784 \ud504\ub85c\uadf8\ub798\ubc0d", "url": "https://wikibook.co.kr/beginning-cocos2d-iphone/"},
{"text": "\uc2dc\uc791\ud558\uc138\uc694! \uc548\ub4dc\ub85c\uc774\ub4dc \uac8c\uc784 \ud504\ub85c\uadf8\ub798\ubc0d", "url": "https://wikibook.co.kr/beginning-android-games/"},
{"text": "\ub2f9\uc2e0\uc758 \uc778\uc0dd\uc5d0 \uc9d1\ud544\uc744 \ub354\ud558\ub77c", "url": "https://wikibook.co.kr/writing-for-yourself/"},
{"text": "\uc2a4\ud504\ub9c1\uacfc \uba54\uc774\ube10\uc744 \ud65c\uc6a9\ud55c \uc2e4\uc804 \ud504\ub808\uc784\uc6cc\ud06c \uc124\uacc4\uc640 \uad6c\ucd95", "url": "https://wikibook.co.kr/spring-maven/"},
{"text": "jQuery API \ub808\ud37c\ub7f0\uc2a4 \uac00\uc774\ub4dc", "url": "https://wikibook.co.kr/jquery-api-reference-guide/"},
{"text": "\ub3c4\uba54\uc778 \uc8fc\ub3c4 \uc124\uacc4", "url": "https://wikibook.co.kr/domain-driven-design/"},
{"text": "\ud504\ub85c HTML5 \ud504\ub85c\uadf8\ub798\ubc0d", "url": "https://wikibook.co.kr/pro-html5-programming/"},
{"text": "\uc5d4\ud130\ud504\ub77c\uc774\uc988 \uc544\uc774\ud3f0 & \uc544\uc774\ud328\ub4dc \uad00\ub9ac\uc790 \uac00\uc774\ub4dc", "url": "https://wikibook.co.kr/enterprise-iphone-ipad-administrators-guide/"},
{"text": "\ube60\ub974\uac8c \ud65c\uc6a9\ud558\ub294 JBoss 5", "url": "https://wikibook.co.kr/jboss-5/"},
{"text": "\uc2dc\uc791\ud558\uc138\uc694! \ubaa8\ubc14\uc77c \uc6f9 \uac1c\ubc1c", "url": "https://wikibook.co.kr/beginning-mobile-web-development/"},
{"text": "\uc2dc\uc791\ud558\uc138\uc694! \uc544\uc774\ud3f0 4 \ud504\ub85c\uadf8\ub798\ubc0d", "url": "https://wikibook.co.kr/beginning-iphone-4-programming/"},
{"text": "\uc774\uac70 \ubd88\ubc95 \uc544\ub0d0?", "url": "https://wikibook.co.kr/chained-exploits/"},
{"text": "\ube60\ub974\uac8c \ud65c\uc6a9\ud558\ub294 \ubaa8\ubc14\uc77c \ub370\uc774\ud130\ubca0\uc774\uc2a4 SQLite 3", "url": "https://wikibook.co.kr/sqlite-3/"},
{"text": "\uad6c\uae00 \uc571\uc2a4", "url": "https://wikibook.co.kr/google-apps/"},
{"text": "Adobe FLEX 4 \uc2e4\uc804 \ud2b8\ub808\uc774\ub2dd \ubd81 ", "url": "https://wikibook.co.kr/adobe-flex-4-training-book/"},
{"text": "\ud5ec\ub85c! \ucef4\ud4e8\ud130 \ud504\ub85c\uadf8\ub798\ubc0d", "url": "https://wikibook.co.kr/hello-world/"},
{"text": "\uc27d\uace0 \ube60\ub974\uac8c \uc775\ud788\ub294 CSS3", "url": "https://wikibook.co.kr/css3-visual-quick-start-guide/"},
{"text": "\uc2a4\ud504\ub9c1 3 \ub808\uc2dc\ud53c", "url": "https://wikibook.co.kr/spring-3-recipes/"},
{"text": "\uc774\ud074\ub9bd\uc2a4 PDT", "url": "https://wikibook.co.kr/eclipse-pdt/"},
{"text": "\ubaa8\ubc14\uc77c \ub514\uc790\uc778 \uc804\ub7b5", "url": "https://wikibook.co.kr/strategic-mobile-design/"},
{"text": "\uac15\ud589\ub3cc\ud30c! \uc544\uc774\ud3f0 & \uc544\uc774\ud328\ub4dc \ud504\ub85c\uadf8\ub798\ubc0d", "url": "https://wikibook.co.kr/iphone-ipad-programming/"},
{"text": "\uc2dc\uc791\ud558\uc138\uc694! \ud50c\ub798\uc2dc \uc548\ub4dc\ub85c\uc774\ub4dc \ud504\ub85c\uadf8\ub798\ubc0d", "url": "https://wikibook.co.kr/beginning-flash-android/"},
{"text": "\uc2dc\uc9c0\ud504\uc2a4\ub97c \ub2e4\uc2dc \uc0dd\uac01\ud558\ub2e4", "url": "https://wikibook.co.kr/rethinking-sisyphus/"},
{"text": "\uc2a4\ud504\ub9c1 \uc2dc\ud050\ub9ac\ud2f0 3", "url": "https://wikibook.co.kr/spring-security-3/"},
{"text": "\uc18c\uc15c \uc6f9 \ub9c8\ucf00\ud305", "url": "https://wikibook.co.kr/marketing-to-the-social-web/"},
{"text": "MySQL \uc131\ub2a5 \ucd5c\uc801\ud654", "url": "https://wikibook.co.kr/high-performance-mysql/"},
{"text": "\uc2a4\ucf00\uc77c\ub7ec\ube14 \uc6f9\uc0ac\uc774\ud2b8 \uad6c\ucd95", "url": "https://wikibook.co.kr/building-scalable-web-sites/"},
{"text": "\uc560\ud50c vs. \uad6c\uae00", "url": "https://wikibook.co.kr/apple-vs-google/"},
{"text": "\uc2a4\ud2f0\ube0c \ud06c\ub8e9\uc758 \uc0ac\uc6a9\uc131\ud3c9\uac00, \uc774\ub807\uac8c \ud558\ub77c!", "url": "https://wikibook.co.kr/rocket-surgery-made-easy/"},
{"text": "\uc790\uc728\ud559\uc2b5! \uc548\ub4dc\ub85c\uc774\ub4dc \ud504\ub85c\uadf8\ub798\ubc0d", "url": "https://wikibook.co.kr/teach-yourself-android/"},
{"text": "\uc778\uc0ac\uc774\ub4dc \uc548\ub4dc\ub85c\uc774\ub4dc", "url": "https://wikibook.co.kr/inside-android/"},
{"text": "\uc2dc\uc791\ud558\uc138\uc694! \uc544\uc774\ud328\ub4dc \ud504\ub85c\uadf8\ub798\ubc0d", "url": "https://wikibook.co.kr/beginning-ipad-programming/"},
{"text": "\uc18c\ud504\ud2b8\uc6e8\uc5b4 \ud488\uc9c8\uad00\ub9ac", "url": "https://wikibook.co.kr/naver-quality-practice/"},
{"text": "\uc2a4\ud0c0\uc77c\ub85c \ub9d0\ud574\uc694!", "url": "https://wikibook.co.kr/speaking-in-styles/"},
{"text": "\ud558\uc774\ubc84\ub124\uc774\ud2b8 \uc644\ubcbd \uac00\uc774\ub4dc", "url": "https://wikibook.co.kr/java-persistence-with-hibernate/"},
{"text": "More \uc544\uc774\ud3f03 \ud504\ub85c\uadf8\ub798\ubc0d", "url": "https://wikibook.co.kr/more-iphone-3-programming/"},
{"text": "PHP 6 & MySQL 5", "url": "https://wikibook.co.kr/php-6-mysql-5/"},
{"text": "\uc561\uc158\uc2a4\ud06c\ub9bd\ud2b8 3.0 \uc560\ub2c8\uba54\uc774\uc158", "url": "https://wikibook.co.kr/actionscript-3-0-animation/"},
{"text": "\uc2e4\uc6a9\uc8fc\uc758 \uc0ac\uace0\uc640 \ud559\uc2b5", "url": "https://wikibook.co.kr/pragmatic-thinking-and-learning/"},
{"text": "\ud50c\ub798\uc2dc \ube4c\ub354 4 & \ud50c\ub809\uc2a4 4 \ubc14\uc774\ube14", "url": "https://wikibook.co.kr/flash-builder-4-flex-4-bible/"},
{"text": "\ucd08\uace0\uc18d \uc6f9\uc0ac\uc774\ud2b8 \uad6c\ucd95", "url": "https://wikibook.co.kr/even-faster-web-sites/"},
{"text": "\ud50c\ub798\uc2dc ON \ub514\ubc14\uc774\uc2a4", "url": "https://wikibook.co.kr/flash-on-devices/"},
{"text": "\ub9e4\ub2c8\uc9c0\uc787!", "url": "https://wikibook.co.kr/manage-it/"},
{"text": "UX \ub514\uc790\uc778 \ud504\ub85c\uc81d\ud2b8 \uac00\uc774\ub4dc", "url": "https://wikibook.co.kr/ux-design-project-guide/"},
{"text": "\uc5d0\uc13c\uc15c \uc2e4\ubc84\ub77c\uc774\ud2b8 3", "url": "https://wikibook.co.kr/essential-silverlight-3/"},
{"text": "jQuery 1.3 \uc791\uace0 \uac15\ub825\ud55c \uc790\ubc14\uc2a4\ud06c\ub9bd\ud2b8 \ub77c\uc774\ube0c\ub7ec\ub9ac", "url": "https://wikibook.co.kr/jquery-1-3/"},
{"text": "\uc2e4\uc804 OSGi & SpringDM", "url": "https://wikibook.co.kr/osgi-springdm/"},
{"text": "\ud504\ub85c \uc6f9 2.0 \ub9e4\uc26c\uc5c5", "url": "https://wikibook.co.kr/pro-web-2-0-mashup/"},
{"text": "\uc624\ud508 \ube0c\ub79c\ub4dc", "url": "https://wikibook.co.kr/open-brand/"},
{"text": "\ube60\ub974\uac8c \ud65c\uc6a9\ud558\ub294 \ud30c\uc774\uc36c 3 \ud504\ub85c\uadf8\ub798\ubc0d", "url": "https://wikibook.co.kr/python-3-programming/"},
{"text": "\uc18c\ud504\ud2b8\uc6e8\uc5b4 \ud06c\ub9ac\uc5d0\uc774\ud2f0\ube44\ud2f0 2.0", "url": "https://wikibook.co.kr/software-creativity-2-0/"},
{"text": "\ud504\ub85c \uc2a4\ud504\ub9c1 2.5", "url": "https://wikibook.co.kr/pro-spring-2-5/"},
{"text": "\uc2e4\ubc84\ub77c\uc774\ud2b8 2 \uc778 \uc561\uc158", "url": "https://wikibook.co.kr/silverlight-2/"},
{"text": "CSS \uc644\ubcbd \uac00\uc774\ub4dc", "url": "https://wikibook.co.kr/css-definitive-guide/"},
{"text": "\uc18c\ud2b8\uc6cd\uc2a4 \uc564\uc194\ub7ec\uc9c0", "url": "https://wikibook.co.kr/thoughtworks-anthology/"},
{"text": "UX \ub514\uc790\uc778 \ucee4\ubba4\ub2c8\ucf00\uc774\uc158", "url": "https://wikibook.co.kr/communicating-design/"},
{"text": "\ub3c4\uc640\uc8fc\uc138\uc694! \ud300\uc7a5\uc774 \ub410\uc5b4\uc694", "url": "https://wikibook.co.kr/i-became-pm/"},
{"text": "SOA", "url": "https://wikibook.co.kr/soa-using-java-web-services/"},
{"text": "\uc9c0\uc18d\uc801\uc778 \ud1b5\ud569", "url": "https://wikibook.co.kr/continuous-integration/"},
{"text": "Prototype & Scriptaculous \uc778 \uc561\uc158", "url": "https://wikibook.co.kr/prototype-and-scriptaculous-in-action/"},
{"text": "\uc81c\ud504\ub9ac \uc824\ub4dc\ub9cc\uc758 \uc6f9\ud45c\uc900 \uac00\uc774\ub4dc", "url": "https://wikibook.co.kr/designing-with-web-standards/"},
{"text": "Release It \ub9b4\ub9ac\uc2a4 \uc787", "url": "https://wikibook.co.kr/release-it/"},
{"text": "Ajax \uc778 \ud504\ub799\ud2f0\uc2a4", "url": "https://wikibook.co.kr/ajax-in-practice/"},
{"text": "\ub611\ub611\ud558\uace0 \uc77c \uc798\ud558\ub294 \uac1c\ubc1c\uc790 \ubaa8\uc2dc\uae30", "url": "https://wikibook.co.kr/smart-and-gets-things-done/"},
{"text": "\ub9b0 \uc18c\ud504\ud2b8\uc6e8\uc5b4 \uac1c\ubc1c\uc758 \uc801\uc6a9", "url": "https://wikibook.co.kr/implementing-lean/"},
{"text": "Ship it! \uc131\uacf5\uc801\uc778 \uc18c\ud504\ud2b8\uc6e8\uc5b4 \uac1c\ubc1c \ud504\ub85c\uc81d\ud2b8\ub97c \uc704\ud55c \uc2e4\uc6a9 \uac00\uc774\ub4dc", "url": "https://wikibook.co.kr/ship-it/"},
{"text": "\uc27d\uac8c \ubc30\uc6b0\ub294 JRuby on Rails", "url": "https://wikibook.co.kr/jruby-on-rails/"},
{"text": "\ub9ac\ud329\ud1a0\ub9c1 \ub370\uc774\ud130\ubca0\uc774\uc2a4", "url": "https://wikibook.co.kr/refactoring-databases/"},
{"text": "iBATIS \uc778 \uc561\uc158", "url": "https://wikibook.co.kr/ibatis-in-action/"},
{"text": "\uc2e4\ucc9c\uac00\ub97c \uc704\ud55c \uc2e4\uc6a9\uc8fc\uc758 \ud504\ub85c\uc81d\ud2b8 \uad00\ub9ac", "url": "https://wikibook.co.kr/behind-closed-doors/"},
{"text": "\uc18c\ud504\ud2b8\uc6e8\uc5b4 \ucee8\ud50c\ub9ad\ud2b8 2.0 [\uc7ac\ucd9c\uac04\ud310]", "url": "https://wikibook.co.kr/software-conflict-2/"}
]