<?xml version="1.0" encoding="UTF-8"?>
<!DOCTYPE mapper
  PUBLIC "-//mybatis.org//DTD Mapper 3.0//EN"
  "http://mybatis.org/dtd/mybatis-3-mapper.dtd">
<mapper namespace="freeBoard">
	<!-- 1. 전체 갯수 얻기  -->
	<select id="selectCount" resultType="int">
		SELECT count(*) from freeBoard
	</select>
		<!--2. 1개 얻기  -->
	<select id="selectByIdx" parameterType="int" resultType="freeBoardVO">
		SELECT * FROM freeBoard where free_idx=#{free_idx}
	</select>
	
	<!-- 3. 1페이지 얻기 -->
	<select id="selectList" parameterType="freeBoardVO" resultType="freeBoardVO">	
		select
			R.*
		from
			( select 
				rownum rnum, Q.*
			  from	
				(select * from freeBoard order by free_idx desc) Q
			  where
			  	<![CDATA[
			  	rownum  <= #{endNo}
			  	]]>
			) R
		where
			<![CDATA[
			rnum  >= #{startNo}
			]]>
	</select>
		<!-- 4.저장  -->
	<insert id="insert" parameterType="freeBoardVO">
		INSERT INTO freeBoard 
			(free_idx,nick,password,subject,content,regDate,clickCount,likeCount)
		values 
			(free_idx_seq.nextval,#{nick},#{password},#{subject},#{content},SYSDATE,0,0)
	</insert>
		<!-- 4.수정  -->
	<update id="update" parameterType="freeBoardVO">
		UPDATE freeBoard SET subject= #{subject},content= #{content},regDate=SYSDATE WHERE free_idx=#{free_idx}
	</update>
		<!-- 6. 삭제  -->
	<delete id="delete" parameterType="int">
		 DELETE FROM freeBoard WHERE free_idx=#{free_idx}
	</delete>
		<!-- 7. 조회수 증가  -->
	<update id="increment" parameterType="int" >
		UPDATE freeBoard SET clickCount=clickCount+1 WHERE free_idx=#{free_idx}
	</update>
		<!-- 8.추천수 증가  -->
	<update id="likeCount">
		UPDATE freeBoard SET likeCount=likeCount+1 WHERE free_idx=#{free_idx}
	</update>

		<!-- 9. 가장 최근에 저방된 글번호 읽어오기 -->
	<select id="selectMaxIdx" resultType="int">
		select max(free_idx) from freeBoard
	</select>

</mapper>

