<?xml version="1.0" encoding="UTF-8"?>
<!DOCTYPE mapper
  PUBLIC "-//mybatis.org//DTD Mapper 3.0//EN"
  "http://mybatis.org/dtd/mybatis-3-mapper.dtd">
<mapper namespace="freeComment">
	<!-- 1. 지정 번호의 댓글의 개수 구하기 -->
	<select id="selectCount" parameterType="int" resultType="int">
		select count(*) from freeComment where REF=#{REF}
	</select>
	
	<!-- 2. 1페이지 얻기 -->
	<select id="selectList" parameterType="int" resultType="freeCommentVO">	
	select * from freeComment where REF=#{REF} order by fc_idx desc
	</select>
	
	<!-- 3. 1개 얻기 -->
	<select id="selectByIdx" parameterType="int" resultType="freeCommentVO">
		select * from freeComment where fc_idx=#{fc_idx }
	</select>
	
	<!-- 4. 저장 -->
	<insert id="insert" parameterType="freeCommentVO" >
		insert into freeComment 
			values(fc_idx_seq.nextval,#{ref},#{nick}, #{password}, #{content},SYSDATE)
	</insert>
	
	<!-- 5. 수정 -->
	<update id="update" parameterType="freeCommentVO">
		update freeComment set content=#{content}, regDate=SYSDATE where fc_idx=#{fc_idx}
	</update>
	
	<!-- 6. 삭제 -->
	<delete id="delete" parameterType="int">
		delete from freeComment where fc_idx=#{fc_idx}
	</delete>
</mapper>
