[
{"title": "\uc77c\ub7ec\uc2a4\ud2b8\ub808\uc774\ud130 & \ud3ec\ud1a0\uc0f5 \ub514\uc790\uc778 \uc544\uc774\ub514\uc5b4 \uc2e4\uc804 \ud14c\ud06c\ub2c9 92", "img_url": "https://wikibook.co.kr/images/cover/s/9791158393557.jpg"},
{"title": "\uc194\ub9ac\ub514\ud2f0 \ud504\ub85c\uadf8\ub798\ubc0d \uc644\ubcbd \uac00\uc774\ub4dc", "img_url": "https://wikibook.co.kr/images/cover/s/9791158393434.jpg"},
{"title": "\ud30c\uc774\ud1a0\uce58\uc640 \uc720\ub2c8\ud2f0 ML-Agents\ub85c \ubc30\uc6b0\ub294 \uac15\ud654\ud559\uc2b5", "img_url": "https://wikibook.co.kr/images/cover/s/9791158393410.jpg"},
{"title": "\uc0c1\ub0e5\ud55c\uc8fc\ub514\uac00 \uc54c\ub824\uc8fc\ub294 N\uc7a1\ub7ec\ub97c \uc704\ud55c \ubbf8\ub9ac\uce94\ubc84\uc2a4", "img_url": "https://wikibook.co.kr/images/cover/s/9791158393342.jpg"},
{"title": "\ucc28\uadfc\ucc28\uadfc \uc2e4\uc2b5\ud558\uba70 \ubc30\uc6b0\ub294 \ud30c\uc774\ud1a0\uce58 \ub525\ub7ec\ub2dd \ud504\ub85c\uadf8\ub798\ubc0d", "img_url": "https://wikibook.co.kr/images/cover/s/9791158393441.jpg"}
]